Gene_acc,Gene_id,SignedRank,log10iBAQ,FDR,Desc
1,cgd1_800-RA-p1,,,,
2,cgd7_5150-RA-p1,,,,
3,cgd6_4840-RA-p1,,,,
4,cgd6_2090-RA-p1,,,,
5,cgd4_3090-RA-p1,,,,
6,cgd8_600-RA-p1,,,,
7,cgd7_4560-RA-p1,,,,
8,cgd7_850-RA-p1,,,,
9,cgd6_200-RA-p1,,,,
10,cgd3_190-RA-p1,,,,
11,cgd6_2470-RA-p1,,,,
12,cgd8_5090-RA-p1,,,,
13,cgd3_3700-RA-p1,,,,
14,cgd6_300-RA-p1,,,,
15,cgd2_3320-RA-p1,,,,
16,cgd2_2510-RA-p1,,,,
17,cgd7_2070-RA-p1,,,,
18,cgd6_1450-RA-p1,,,,
19,cgd6_4440-RA-p1,,,,
20,cgd6_210-RA-p1,,,,
21,cgd4_670-RA-p1,,,,
22,cgd7_1800-RA-p1,,,,
23,cgd6_4640-RA-p1,,,,
24,cgd6_670-RA-p1,,,,
25,cgd3_1540-RA-p1,,,,
26,cgd8_3350-RA-p1,,,,
27,cgd8_4230-RA-p1,,,,
28,cgd2_3660-RA-p1,,,,
29,cgd6_2920-RA-p1,,,,
30,cgd7_3110-RA-p1,,,,
31,cgd5_3980-RA-p1,,,,
32,cgd5_4230-RA-p1,,,,
33,cgd1_370-RA-p1,,,,
34,cgd2_490-RA-p1,,,,
35,cgd6_3820-RA-p1,,,,
36,cgd5_3073-RA-p1,,,,
37,cgd7_180-RA-p1,,,,
38,cgd6_2900-RA-p1,,,,
39,cgd4_2420-RA-p1,,,,
40,cgd4_3310-RA-p1,,,,
41,cgd1_3550-RA-p1,,,,
42,cgd4_500-RA-p1,,,,
43,cgd3_1480-RA-p1,,,,
44,cgd1_3340-RA-p1,,,,
45,cgd3_440-RA-p1,,,,
46,cgd7_2583-RA-p1,,,,
47,cgd8_2800-RA-p1,,,,
48,cgd2_2480-RA-p1,,,,
49,cgd1_3560-RA-p1,,,,
50,cgd5_1140-RA-p1,,,,
51,cgd6_3930-RA-p1,,,,
52,cgd5_1210-RA-p1,,,,
53,cgd1_3840-RA-p1,,,,
54,cgd8_1160-RA-p1,,,,
55,cgd6_750-RA-p1,,,,
56,cgd4_2590-RA-p1,,,,
57,cgd6_4610-RA-p1,,,,
58,cgd2_850-RA-p1,,,,
59,cgd6_20-RA-p1,,,,
60,cgd3_1460-RA-p1,,,,
61,cgd7_5280-RA-p1,,,,
62,cgd7_3980-RA-p1,,,,
63,cgd6_4970-RA-p1,,,,
64,cgd3_1780-RA-p1,,,,
65,cgd2_660-RA-p1,,,,
66,cgd6_3840-RA-p1,,,,
67,cgd6_4200-RA-p1,,,,
68,cgd4_810-RA-p1,,,,
69,cgd1_1620-RA-p1,,,,
70,cgd7_1300-RA-p1,,,,
71,cgd3_3940-RA-p1,,,,
72,cgd3_2010-RA-p1,,,,
73,cgd3_350-RA-p1,,,,
74,cgd1_3820-RA-p1,,,,
75,cgd5_790-RA-p1,,,,
76,cgd3_2130-RA-p1,,,,
77,cgd8_1220-RA-p1,,,,
78,cgd6_3730-RA-p1,,,,
79,cgd6_1990-RA-p1,,,,
80,cgd5_3243-RA-p1,,,,
81,cgd5_4530-RA-p1,,,,
82,cgd4_3550-RA-p1,,,,
83,cgd7_4310-RA-p1,,,,
84,cgd6_1150-RA-p1,,,,
85,cgd5_3420-RA-p1,,,,
86,cgd1_1433-RA-p1,,,,
87,cgd5_3700-RA-p1,,,,
88,cgd7_2050-RA-p1,,,,
89,cgd7_3250-RA-p1,,,,
90,cgd1_1710-RA-p1,,,,
91,cgd4_2120-RA-p1,,,,
92,cgd2_3210-RA-p1,,,,
93,cgd8_420-RA-p1,,,,
94,cgd6_5360-RA-p1,,,,
95,cgd8_3600-RA-p1,,,,
96,cgd5_3260-RA-p1,,,,
97,cgd4_3480-RA-p1,,,,
98,cgd3_3430-RA-p1,,,,
99,cgd1_1550-RA-p1,,,,
100,cgd7_3830-RA-p1,,,,
101,cgd8_4660-RA-p1,,,,
102,cgd8_2660-RA-p1,,,,
103,cgd3_3210-RA-p1,,,,
104,cgd1_1240-RA-p1,,,,
105,cgd1_3490-RA-p1,,,,
106,cgd7_1930-RA-p1,,,,
107,cgd1_2480-RA-p1,,,,
108,cgd5_1330-RA-p1,,,,
109,cgd2_3930-RA-p1,,,,
110,cgd3_560-RA-p1,,,,
111,cgd3_2190-RA-p1,,,,
112,cgd7_1970-RA-p1,,,,
113,cgd1_320-RA-p1,,,,
114,cgd6_2840-RA-p1,,,,
115,cgd3_2330-RA-p1,,,,
116,cgd7_830-RA-p1,,,,
117,cgd3_660-RA-p1,,,,
118,cgd2_2890-RA-p1,,,,
119,cgd1_3690-RA-p1,,,,
120,cgd5_90-RA-p1,,,,
121,cgd2_3780-RA-p1,,,,
122,cgd3_80-RA-p1,,,,
123,cgd2_1160-RA-p1,,,,
124,cgd7_200-RA-p1,,,,
125,cgd4_1080-RA-p1,,,,
126,cgd8_1640-RA-p1,,,,
127,cgd5_3230-RA-p1,,,,
128,cgd4_4340-RA-p1,,,,
129,cgd2_590-RA-p1,,,,
130,cgd3_650-RA-p1,,,,
131,cgd5_1310-RA-p1,,,,
132,cgd8_3320-RA-p1,,,,
133,cgd5_830-RA-p1,,,,
134,cgd3_2030-RA-p1,,,,
135,cgd7_2090-RA-p1,,,,
136,cgd3_1810-RA-p1,,,,
137,cgd7_400-RA-p1,,,,
138,cgd2_3080-RA-p1,,,,
139,cgd3_980-RA-p1,,,,
140,cgd3_3710-RA-p1,,,,
141,cgd8_2670-RA-p1,,,,
142,cgd3_2320-RA-p1,,,,
143,cgd7_920-RA-p1,,,,
144,cgd5_3823-RA-p1,,,,
145,cgd5_2580-RA-p1,,,,
146,cgd5_3850-RA-p1,,,,
147,cgd5_4470-RA-p1,,,,
148,cgd5_670-RA-p1,,,,
149,cgd5_1450-RA-p1,,,,
150,cgd1_1170-RA-p1,,,,
151,cgd8_4760-RA-p1,,,,
152,cgd3_4240-RA-p1,,,,
153,cgd2_240-RA-p1,,,,
154,cgd3_3680-RA-p1,,,,
155,cgd2_1460-RA-p1,,,,
156,cgd2_990-RA-p1,,,,
157,cgd4_3190-RA-p1,,,,
158,cgd8_2250-RA-p1,,,,
159,cgd4_3250-RA-p1,,,,
160,cgd6_3480-RA-p1,,,,
161,cgd3_3640-RA-p1,,,,
162,cgd6_2730-RA-p1,,,,
163,cgd8_510-RA-p1,,,,
164,cgd7_5300-RA-p1,,,,
165,cgd8_4850-RA-p1,,,,
166,cgd1_1540-RA-p1,,,,
167,cgd8_290-RA-p1,,,,
168,cgd3_2220-RA-p1,,,,
169,cgd3_1750-RA-p1,,,,
170,cgd1_3240-RA-p1,,,,
171,cgd2_1840-RA-p1,,,,
172,cgd2_620-RA-p1,,,,
173,cgd2_630-RA-p1,,,,
174,cgd7_190-RA-p1,,,,
175,cgd5_2040-RA-p1,,,,
176,cgd7_2840-RA-p1,,,,
177,cgd8_1560-RA-p1,,,,
178,cgd5_2730-RA-p1,,,,
179,cgd4_920-RA-p1,,,,
180,cgd3_4250-RA-p1,,,,
181,cgd5_1150-RA-p1,,,,
182,cgd5_2380-RA-p1,,,,
183,cgd2_3130-RA-p1,,,,
184,cgd3_1830-RA-p1,,,,
185,cgd2_4350-RA-p1,,,,
186,cgd4_2470-RA-p1,,,,
187,cgd4_4160-RA-p1,,,,
188,cgd7_4440-RA-p1,,,,
189,cgd7_3500-RA-p1,,,,
190,cgd7_1350-RA-p1,,,,
191,cgd6_3530-RA-p1,,,,
192,cgd7_4070-RA-p1,,,,
193,cgd1_50-RA-p1,,,,
194,cgd8_2530-RA-p1,,,,
195,cgd6_710-RA-p1,,,,
196,cgd3_1220-RA-p1,,,,
197,cgd1_1060-RA-p1,,,,
198,cgd1_1080-RA-p1,,,,
199,cgd5_680-RA-p1,,,,
200,cgd8_4720-RA-p1,,,,
201,cgd4_960-RA-p1,,,,
202,cgd6_620-RA-p1,,,,
203,cgd6_5140-RA-p1,,,,
204,cgd3_1960-RA-p1,,,,
205,cgd8_630-RA-p1,,,,
206,cgd2_320-RA-p1,,,,
207,cgd6_1660-RA-p1,,,,
208,cgd7_2900-RA-p1,,,,
209,cgd1_3730-RA-p1,,,,
210,cgd4_4200-RA-p1,,,,
211,cgd6_3910-RA-p1,,,,
212,cgd2_3330-RA-p1,,,,
213,cgd8_1030-RA-p1,,,,
214,cgd6_5330-RA-p1,,,,
215,cgd7_3020-RA-p1,,,,
216,cgd6_3800-RA-p1,,,,
217,cgd4_4300-RA-p1,,,,
218,cgd3_1950-RA-p1,,,,
219,cgd2_930-RA-p1,,,,
220,cgd1_3630-RA-p1,,,,
221,cgd4_2780-RA-p1,,,,
222,cgd6_1750-RA-p1,,,,
223,cgd8_580-RA-p1,,,,
224,cgd5_480-RA-p1,,,,
225,cgd1_2050-RA-p1,,,,
226,cgd6_3460-RA-p1,,,,
227,cgd8_2200-RA-p1,,,,
228,cgd8_1770-RA-p1,,,,
229,cgd8_3120-RA-p1,,,,
230,cgd2_920-RA-p1,,,,
231,cgd4_2910-RA-p1,,,,
232,cgd7_2170-RA-p1,,,,
233,cgd7_5100-RA-p1,,,,
234,cgd6_4280-RA-p1,,,,
235,cgd7_5140-RA-p1,,,,
236,cgd3_3740-RA-p1,,,,
237,cgd7_2680-RA-p1,,,,
238,cgd4_230-RA-p1,,,,
239,cgd4_2090-RA-p1,,,,
240,cgd6_313-RA-p1,,,,
241,cgd5_3500-RA-p1,,,,
242,cgd1_2470-RA-p1,,,,
243,cgd7_4160-RA-p1,,,,
244,cgd5_3460-RA-p1,,,,
245,cgd2_3050-RA-p1,,,,
246,cgd7_20-RA-p1,,,,
247,cgd6_4130-RA-p1,,,,
248,cgd8_1680-RA-p1,,,,
249,cgd7_1730-RA-p1,,,,
250,cgd6_3640-RA-p1,,,,
251,cgd3_3470-RA-p1,,,,
252,cgd8_3940-RA-p1,,,,
253,cgd2_530-RA-p1,,,,
254,cgd8_70-RA-p1,,,,
255,cgd7_60-RA-p1,,,,
256,cgd8_3790-RA-p1,,,,
257,cgd8_1120-RA-p1,,,,
258,cgd7_3350-RA-p1,,,,
259,cgd1_3543-RA-p1,,,,
260,cgd7_4810-RA-p1,,,,
261,cgd6_690-RA-p1,,,,
262,cgd3_640-RA-p1,,,,
263,cgd7_1660-RA-p1,,,,
264,cgd5_880-RA-p1,,,,
265,cgd2_2020-RA-p1,,,,
266,cgd6_820-RA-p1,,,,
267,cgd7_340-RA-p1,,,,
268,cgd6_2440-RA-p1,,,,
269,cgd8_3260-RA-p1,,,,
270,cgd2_2550-RA-p1,,,,
271,cgd8_590-RA-p1,,,,
272,cgd2_860-RA-p1,,,,
273,cgd2_910-RA-p1,,,,
274,cgd3_1340-RA-p1,,,,
275,cgd5_1670-RA-p1,,,,
276,cgd4_790-RA-p1,,,,
277,cgd1_1510-RA-p1,,,,
278,cgd8_3420-RA-p1,,,,
279,cgd6_510-RA-p1,,,,
280,cgd8_1780-RA-p1,,,,
281,cgd5_3690-RA-p1,,,,
282,cgd8_340-RA-p1,,,,
283,cgd2_3180-RA-p1,,,,
284,cgd8_3460-RA-p1,,,,
285,cgd2_3060-RA-p1,,,,
286,cgd4_260-RA-p1,,,,
287,cgd2_2200-RA-p1,,,,
288,cgd8_4110-RA-p1,,,,
289,cgd3_3320-RA-p1,,,,
290,cgd2_2580-RA-p1,,,,
291,cgd7_4270-RA-p1,,,,
292,cgd5_2510-RA-p1,,,,
293,cgd3_4330-RA-p1,,,,
294,cgd1_1160-RA-p1,,,,
295,cgd1_2130-RA-p1,,,,
296,cgd2_3010-RA-p1,,,,
297,cgd2_1450-RA-p1,,,,
298,cgd4_850-RA-p1,,,,
299,cgd2_790-RA-p1,,,,
300,cgd3_3970-RA-p1,,,,
301,cgd3_2200-RA-p1,,,,
302,cgd5_2740-RA-p1,,,,
303,cgd6_3020-RA-p1,,,,
304,cgd7_5240-RA-p1,,,,
305,cgd6_2490-RA-p1,,,,
306,cgd6_960-RA-p1,,,,
307,cgd8_4050-RA-p1,,,,
308,cgd4_4080-RA-p1,,,,
309,cgd1_2560-RA-p1,,,,
310,cgd8_480-RA-p1,,,,
311,cgd1_3650-RA-p1,,,,
312,cgd5_4140-RA-p1,,,,
313,cgd6_2210-RA-p1,,,,
314,cgd7_2440-RA-p1,,,,
315,cgd3_1510-RA-p1,,,,
316,cgd3_2480-RA-p1,,,,
317,cgd1_450-RA-p1,,,,
318,cgd1_510-RA-p1,,,,
319,cgd8_4320-RA-p1,,,,
320,cgd5_3790-RA-p1,,,,
321,cgd4_460-RA-p1,,,,
322,cgd5_920-RA-p1,,,,
323,cgd5_950-RA-p1,,,,
324,cgd5_2620-RA-p1,,,,
325,cgd6_1110-RA-p1,,,,
326,cgd2_2910-RA-p1,,,,
327,cgd6_1200-RA-p1,,,,
328,cgd6_130-RA-p1,,,,
329,cgd2_2940-RA-p1,,,,
330,cgd3_1200-RA-p1,,,,
331,cgd7_4250-RA-p1,,,,
332,cgd6_1480-RA-p1,,,,
333,cgd1_3190-RA-p1,,,,
334,cgd4_1240-RA-p1,,,,
335,cgd4_110-RA-p1,,,,
336,cgd3_3310-RA-p1,,,,
337,cgd3_160-RA-p1,,,,
338,cgd5_4300-RA-p1,,,,
339,cgd2_2430-RA-p1,,,,
340,cgd4_410-RA-p1,,,,
341,cgd6_4790-RA-p1,,,,
342,cgd3_2660-RA-p1,,,,
343,cgd3_2630-RA-p1,,,,
344,cgd5_330-RA-p1,,,,
345,cgd1_1470-RA-p1,,,,
346,cgd8_1450-RA-p1,,,,
347,cgd1_2920-RA-p1,,,,
348,cgd7_3930-RA-p1,,,,
349,cgd5_4500-RA-p1,,,,
350,cgd3_1590-RA-p1,,,,
351,cgd1_2890-RA-p1,,,,
352,cgd3_3190-RA-p1,,,,
353,cgd2_2630-RA-p1,,,,
354,cgd1_3660-RA-p1,,,,
355,cgd7_5340-RA-p1,,,,
356,cgd5_660-RA-p1,,,,
357,cgd5_2880-RA-p1,,,,
358,cgd3_3570-RA-p1,,,,
359,cgd4_4210-RA-p1,,,,
360,cgd6_4510-RA-p1,,,,
361,cgd5_2750-RA-p1,,,,
362,cgd3_210-RA-p1,,,,
363,cgd5_3840-RA-p1,,,,
364,cgd5_2910-RA-p1,,,,
365,cgd4_4060-RA-p1,,,,
366,cgd4_30-RA-p1,,,,
367,cgd5_250-RA-p1,,,,
368,cgd3_4080-RA-p1,,,,
369,cgd1_1270-RA-p1,,,,
370,cgd4_3600-RA-p1,,,,
371,cgd6_250-RA-p1,,,,
372,cgd6_260-RA-p1,,,,
373,cgd8_1340-RA-p1,,,,
374,cgd7_520-RA-p1,,,,
375,cgd2_1430-RA-p1,,,,
376,cgd3_850-RA-p1,,,,
377,cgd6_290-RA-p1,,,,
378,cgd8_2270-RA-p1,,,,
379,cgd6_3040-RA-p1,,,,
380,cgd1_2070-RA-p1,,,,
381,cgd7_160-RA-p1,,,,
382,cgd1_1210-RA-p1,,,,
383,cgd4_3680-RA-p1,,,,
384,cgd5_1060-RA-p1,,,,
385,cgd8_3860-RA-p1,,,,
386,cgd6_900-RA-p1,,,,
387,cgd8_4810-RA-p1,,,,
388,cgd6_800-RA-p1,,,,
389,cgd6_3550-RA-p1,,,,
390,cgd6_3570-RA-p1,,,,
391,cgd3_50-RA-p1,,,,
392,cgd3_540-RA-p1,,,,
393,cgd8_3240-RA-p1,,,,
394,cgd1_1450-RA-p1,,,,
395,cgd7_4790-RA-p1,,,,
396,cgd6_680-RA-p1,,,,
397,cgd7_4860-RA-p1,,,,
398,cgd8_5293-RA-p1,,,,
399,cgd1_3170-RA-p1,,,,
400,cgd1_730-RA-p1,,,,
401,cgd6_80-RA-p1,,,,
402,cgd6_4240-RA-p1,,,,
403,cgd2_90-RA-p1,,,,
404,cgd6_1690-RA-p1,,,,
405,cgd8_1080-RA-p1,,,,
406,cgd1_1810-RA-p1,,,,
407,cgd7_4320-RA-p1,,,,
408,cgd5_2350-RA-p1,,,,
409,cgd4_1020-RA-p1,,,,
410,cgd7_2160-RA-p1,,,,
411,cgd1_2530-RA-p1,,,,
412,cgd8_2980-RA-p1,,,,
413,cgd2_70-RA-p1,,,,
414,cgd7_4350-RA-p1,,,,
415,cgd4_1010-RA-p1,,,,
416,cgd6_4150-RA-p1,,,,
417,cgd6_660-RA-p1,,,,
418,cgd6_4000-RA-p1,,,,
419,cgd2_500-RA-p1,,,,
420,cgd7_1940-RA-p1,,,,
421,cgd5_2150-RA-p1,,,,
422,cgd8_4550-RA-p1,,,,
423,cgd8_2720-RA-p1,,,,
424,cgd8_4090-RA-p1,,,,
425,cgd8_620-RA-p1,,,,
426,cgd7_3410-RA-p1,,,,
427,cgd6_1670-RA-p1,,,,
428,cgd6_5180-RA-p1,,,,
429,cgd8_5080-RA-p1,,,,
430,Cgd8_1390-RA-p1,,,,
431,cgd2_3500-RA-p1,,,,
432,cgd3_3460-RA-p1,,,,
433,cgd3_1880-RA-p1,,,,
434,cgd8_150-RA-p1,,,,
435,cgd1_520-RA-p1,,,,
436,cgd2_2050-RA-p1,,,,
437,cgd7_1490-RA-p1,,,,
438,cgd8_1270-RA-p1,,,,
439,cgd8_2470-RA-p1,,,,
440,cgd7_300-RA-p1,,,,
441,cgd2_3340-RA-p1,,,,
442,cgd7_2650-RA-p1,,,,
443,cgd1_1950-RA-p1,,,,
444,cgd2_3350-RA-p1,,,,
445,cgd4_3040-RA-p1,,,,
446,cgd2_2110-RA-p1,,,,
447,cgd6_3580-RA-p1,,,,
448,cgd1_750-RA-p1,,,,
449,cgd2_2100-RA-p1,,,,
450,cgd2_4150-RA-p1,,,,
451,cgd4_3290-RA-p1,,,,
452,cgd8_2370-RA-p1,,,,
453,cgd3_2170-RA-p1,,,,
454,cgd8_5030-RA-p1,,,,
455,cgd5_3820-RA-p1,,,,
456,cgd2_980-RA-p1,,,,
457,cgd4_3300-RA-p1,,,,
458,cgd2_3230-RA-p1,,,,
459,cgd7_5080-RA-p1,,,,
460,cgd7_1640-RA-p1,,,,
461,cgd6_3420-RA-p1,,,,
462,cgd7_3640-RA-p1,,,,
463,cgd8_4010-RA-p1,,,,
464,cgd5_690-RA-p1,,,,
465,cgd3_1620-RA-p1,,,,
466,cgd8_3730-RA-p1,,,,
467,cgd7_4220-RA-p1,,,,
468,cgd6_4550-RA-p1,,,,
469,cgd6_70-RA-p1,,,,
470,cgd5_2260-RA-p1,,,,
471,cgd4_3470-RA-p1,,,,
472,cgd4_570-RA-p1,,,,
473,cgd6_4570-RA-p1,,,,
474,cgd2_1500-RA-p1,,,,
475,cgd5_2330-RA-p1,,,,
476,cgd6_1000-RA-p1,,,,
477,cgd2_810-RA-p1,,,,
478,cgd6_850-RA-p1,,,,
479,cgd1_3720-RA-p1,,,,
480,cgd2_280-RA-p1,,,,
481,cgd6_3340-RA-p1,,,,
482,cgd6_2060-RA-p1,,,,
483,cgd6_5280-RA-p1,,,,
484,cgd4_2350-RA-p1,,,,
485,cgd3_320-RA-p1,,,,
486,cgd6_700-RA-p1,,,,
487,cgd6_3750-RA-p1,,,,
488,cgd8_4750-RA-p1,,,,
489,cgd4_250-RA-p1,,,,
490,cgd5_1880-RA-p1,,,,
491,cgd6_880-RA-p1,,,,
492,cgd3_1090-RA-p1,,,,
493,cgd4_1133-RA-p1,,,,
494,cgd1_700-RA-p1,,,,
495,cgd7_1540-RA-p1,,,,
496,cgd5_2600-RA-p1,,,,
497,cgd3_3930-RA-p1,,,,
498,cgd6_1020-RA-p1,,,,
499,cgd6_2220-RA-p1,,,,
500,cgd8_4250-RA-p1,,,,
501,cgd6_1570-RA-p1,,,,
502,cgd7_3810-RA-p1,,,,
503,cgd8_1400-RA-p1,,,,
504,cgd5_2430-RA-p1,,,,
505,cgd7_3290-RA-p1,,,,
506,cgd7_2240-RA-p1,,,,
507,cgd8_4510-RA-p1,,,,
508,cgd4_3400-RA-p1,,,,
509,cgd7_4500-RA-p1,,,,
510,cgd6_3330-RA-p1,,,,
511,cgd8_3560-RA-p1,,,,
512,cgd4_1940-RA-p1,,,,
513,cgd7_330-RA-p1,,,,
514,cgd4_2390-RA-p1,,,,
515,cgd6_920-RA-p1,,,,
516,cgd8_4470-RA-p1,,,,
517,cgd8_2770-RA-p1,,,,
518,cgd3_2150-RA-p1,,,,
519,cgd7_3390-RA-p1,,,,
520,cgd1_3510-RA-p1,,,,
521,cgd5_4400-RA-p1,,,,
522,cgd8_5020-RA-p1,,,,
523,cgd7_2013-RA-p1,,,,
524,cgd8_4290-RA-p1,,,,
525,cgd2_2350-RA-p1,,,,
526,cgd8_4300-RA-p1,,,,
527,cgd1_2270-RA-p1,,,,
528,cgd6_1500-RA-p1,,,,
529,cgd6_4400-RA-p1,,,,
530,cgd8_3590-RA-p1,,,,
531,cgd2_1350-RA-p1,,,,
532,cgd5_1370-RA-p1,,,,
533,cgd1_2970-RA-p1,,,,
534,cgd8_1720-RA-p1,,,,
535,cgd6_60-RA-p1,,,,
536,cgd3_500-RA-p1,,,,
537,cgd6_5260-RA-p1,,,,
538,cgd3_510-RA-p1,,,,
539,cgd5_4210-RA-p1,,,,
540,cgd2_4320-RA-p1,,,,
541,cgd2_1070-RA-p1,,,,
542,cgd3_1690-RA-p1,,,,
543,cgd4_840-RA-p1,,,,
544,cgd6_330-RA-p1,,,,
545,cgd4_870-RA-p1,,,,
546,cgd8_3100-RA-p1,,,,
547,cgd7_3280-RA-p1,,,,
548,cgd8_4060-RA-p1,,,,
549,cgd3_1710-RA-p1,,,,
550,cgd4_2110-RA-p1,,,,
551,cgd4_3850-RA-p1,,,,
552,cgd4_1470-RA-p1,,,,
553,cgd8_2150-RA-p1,,,,
554,cgd2_3260-RA-p1,,,,
555,cgd2_3200-RA-p1,,,,
556,cgd2_480-RA-p1,,,,
557,cgd6_4190-RA-p1,,,,
558,cgd6_4760-RA-p1,,,,
559,cgd5_1710-RA-p1,,,,
560,cgd3_4260-RA-p1,,,,
561,cgd2_1960-RA-p1,,,,
562,cgd3_830-RA-p1,,,,
563,cgd6_2450-RA-p1,,,,
564,cgd2_610-RA-p1,,,,
565,cgd3_3850-RA-p1,,,,
566,cgd2_3120-RA-p1,,,,
567,cgd8_3430-RA-p1,,,,
568,cgd7_3800-RA-p1,,,,
569,cgd1_3160-RA-p1,,,,
570,cgd8_790-RA-p1,,,,
571,cgd4_3860-RA-p1,,,,
572,cgd3_3140-RA-p1,,,,
573,cgd7_4933-RA-p1,,,,
574,cgd2_3300-RA-p1,,,,
575,cgd4_2370-RA-p1,,,,
576,cgd2_3220-RA-p1,,,,
577,cgd1_650-RA-p1,,,,
578,cgd2_1120-RA-p1,,,,
579,cgd8_4240-RA-p1,,,,
580,cgd8_20230-RA-p1,,,,
581,cgd5_3220-RA-p1,,,,
582,cgd8_690-RA-p1,,,,
583,cgd2_3960-RA-p1,,,,
584,cgd1_3010-RA-p1,,,,
585,cgd2_2130-RA-p1,,,,
586,cgd1_3500-RA-p1,,,,
587,cgd7_4400-RA-p1,,,,
588,cgd6_5070-RA-p1,,,,
589,cgd8_1210-RA-p1,,,,
590,cgd4_210-RA-p1,,,,
591,cgd4_3880-RA-p1,,,,
592,cgd7_4840-RA-p1,,,,
593,cgd8_1900-RA-p1,,,,
594,cgd6_3280-RA-p1,,,,
595,cgd5_1580-RA-p1,,,,
596,cgd7_3210-RA-p1,,,,
597,cgd5_2030-RA-p1,,,,
598,cgd4_2020-RA-p1,,,,
599,cgd3_550-RA-p1,,,,
600,cgd2_4260-RA-p1,,,,
601,cgd7_1680-RA-p1,,,,
602,cgd8_5220-RA-p1,,,,
603,cgd8_3060-RA-p1,,,,
604,cgd4_4460-RA-p1,,,,
605,cgd8_430-RA-p1,,,,
606,cgd1_660-RA-p1,,,,
607,cgd4_1170-RA-p1,,,,
608,cgd3_2250-RA-p1,,,,
609,cgd8_3450-RA-p1,,,,
610,cgd7_4880-RA-p1,,,,
611,cgd7_4590-RA-p1,,,,
612,cgd3_2360-RA-p1,,,,
613,cgd2_2950-RA-p1,,,,
614,cgd3_490-RA-p1,,,,
615,cgd4_2280-RA-p1,,,,
616,cgd8_1040-RA-p1,,,,
617,cgd4_3080-RA-p1,,,,
618,cgd7_1080-RA-p1,,,,
619,cgd7_4080-RA-p1,,,,
620,cgd6_420-RA-p1,,,,
621,cgd6_5320-RA-p1,,,,
622,cgd7_470-RA-p1,,,,
623,cgd5_750-RA-p1,,,,
624,cgd5_390-RA-p1,,,,
625,cgd7_5180-RA-p1,,,,
626,cgd8_10-RA-p1,,,,
627,cgd8_4310-RA-p1,,,,
628,cgd8_2460-RA-p1,,,,
629,cgd3_2740-RA-p1,,,,
630,cgd7_580-RA-p1,,,,
631,cgd4_450-RA-p1,,,,
632,cgd7_950-RA-p1,,,,
633,cgd4_2860-RA-p1,,,,
634,cgd2_770-RA-p1,,,,
635,cgd6_4780-RA-p1,,,,
636,cgd1_640-RA-p1,,,,
637,cgd3_3060-RA-p1,,,,
638,cgd8_3480-RA-p1,,,,
639,cgd6_3270-RA-p1,,,,
640,cgd7_2940-RA-p1,,,,
641,cgd6_110-RA-p1,,,,
642,cgd1_440-RA-p1,,,,
643,cgd3_2410-RA-p1,,,,
644,cgd8_2650-RA-p1,,,,
645,cgd2_3360-RA-p1,,,,
646,cgd4_470-RA-p1,,,,
647,cgd6_570-RA-p1,,,,
648,cgd2_360-RA-p1,,,,
649,cgd8_3270-RA-p1,,,,
650,cgd7_910-RA-p1,,,,
651,cgd3_3790-RA-p1,,,,
652,cgd3_3150-RA-p1,,,,
653,cgd2_1740-RA-p1,,,,
654,cgd1_1250-RA-p1,,,,
655,cgd2_3370-RA-p1,,,,
656,cgd8_2410-RA-p1,,,,
657,cgd3_1820-RA-p1,,,,
658,cgd7_4210-RA-p1,,,,
659,cgd1_300-RA-p1,,,,
660,cgd7_4380-RA-p1,,,,
661,cgd7_4020-RA-p1,,,,
662,cgd8_2810-RA-p1,,,,
663,cgd8_4350-RA-p1,,,,
664,cgd2_170-RA-p1,,,,
665,cgd6_3470-RA-p1,,,,
666,cgd1_280-RA-p1,,,,
667,cgd8_1670-RA-p1,,,,
668,cgd4_4100-RA-p1,,,,
669,cgd3_1790-RA-p1,,,,
670,cgd5_4560-RA-p1,,,,
671,cgd2_3950-RA-p1,,,,
672,cgd1_3210-RA-p1,,,,
673,cgd1_1860-RA-p1,,,,
674,cgd8_5230-RA-p1,,,,
675,cgd6_5350-RA-p1,,,,
676,cgd7_4190-RA-p1,,,,
677,cgd5_1270-RA-p1,,,,
678,cgd8_1110-RA-p1,,,,
679,cgd5_320-RA-p1,,,,
680,cgd6_3720-RA-p1,,,,
681,cgd6_4850-RA-p1,,,,
682,cgd5_970-RA-p1,,,,
683,cgd8_680-RA-p1,,,,
684,cgd5_1590-RA-p1,,,,
685,cgd5_2070-RA-p1,,,,
686,cgd5_530-RA-p1,,,,
687,cgd6_1030-RA-p1,,,,
688,cgd4_4030-RA-p1,,,,
689,cgd4_3160-RA-p1,,,,
690,cgd4_1990-RA-p1,,,,
691,cgd1_1530-RA-p1,,,,
692,cgd2_1390-RA-p1,,,,
693,cgd8_530-RA-p1,,,,
694,cgd7_5520-RA-p1,,,,
695,cgd7_4570-RA-p1,,,,
696,cgd1_1230-RA-p1,,,,
697,cgd6_3080-RA-p1,,,,
698,cgd1_3640-RA-p1,,,,
699,cgd1_330-RA-p1,,,,
700,cgd1_2220-RA-p1,,,,
701,cgd7_930-RA-p1,,,,
702,cgd6_4460-RA-p1,,,,
703,cgd8_610-RA-p1,,,,
704,cgd2_2070-RA-p1,,,,
705,cgd8_3610-RA-p1,,,,
706,cgd6_4950-RA-p1,,,,
707,cgd2_1520-RA-p1,,,,
708,cgd8_1700-RA-p1,,,,
709,cgd5_2460-RA-p1,,,,
710,cgd2_1370-RA-p1,,,,
711,cgd3_450-RA-p1,,,,
712,cgd4_3950-RA-p1,,,,
713,cgd3_3200-RA-p1,,,,
714,cgd4_2600-RA-p1,,,,
715,cgd2_900-RA-p1,,,,
716,cgd4_2460-RA-p1,,,,
717,cgd8_3330-RA-p1,,,,
718,cgd8_1520-RA-p1,,,,
719,cgd4_3630-RA-p1,,,,
720,cgd2_2010-RA-p1,,,,
721,cgd1_3790-RA-p1,,,,
722,cgd2_2000-RA-p1,,,,
723,cgd8_4330-RA-p1,,,,
724,cgd4_3430-RA-p1,,,,
725,cgd4_3050-RA-p1,,,,
726,cgd8_4430-RA-p1,,,,
727,cgd2_4110-RA-p1,,,,
728,cgd8_320-RA-p1,,,,
729,cgd6_2740-RA-p1,,,,
730,cgd8_1840-RA-p1,,,,
731,cgd8_4880-RA-p1,,,,
732,cgd7_3660-RA-p1,,,,
733,cgd5_1363-RA-p1,,,,
734,cgd8_3540-RA-p1,,,,
735,cgd1_2400-RA-p1,,,,
736,cgd7_1830-RA-p1,,,,
737,cgd8_4260-RA-p1,,,,
738,cgd8_2160-RA-p1,,,,
739,cgd3_2110-RA-p1,,,,
740,cgd3_3900-RA-p1,,,,
741,cgd6_3180-RA-p1,,,,
742,cgd6_4160-RA-p1,,,,
743,cgd4_490-RA-p1,,,,
744,cgd2_370-RA-p1,,,,
745,cgd6_3190-RA-p1,,,,
746,cgd6_1390-RA-p1,,,,
747,cgd4_1770-RA-p1,,,,
748,cgd8_730-RA-p1,,,,
749,cgd8_650-RA-p1,,,,
750,cgd8_3190-RA-p1,,,,
751,cgd5_1960-RA-p1,,,,
752,cgd8_5140-RA-p1,,,,
753,cgd3_1760-RA-p1,,,,
754,cgd8_4620-RA-p1,,,,
755,cgd6_2460-RA-p1,,,,
756,cgd7_1460-RA-p1,,,,
757,cgd7_4420-RA-p1,,,,
758,cgd4_180-RA-p1,,,,
759,cgd2_1290-RA-p1,,,,
760,cgd4_2720-RA-p1,,,,
761,cgd6_1770-RA-p1,,,,
762,cgd2_1020-RA-p1,,,,
763,cgd5_820-RA-p1,,,,
764,cgd5_1480-RA-p1,,,,
765,cgd6_610-RA-p1,,,,
766,cgd5_4540-RA-p1,,,,
767,cgd6_5310-RA-p1,,,,
768,cgd7_4360-RA-p1,,,,
769,cgd5_3950-RA-p1,,,,
770,cgd2_1900-RA-p1,,,,
771,cgd8_5380-RA-p1,,,,
772,cgd5_70-RA-p1,,,,
773,cgd2_3030-RA-p1,,,,
774,cgd7_4460-RA-p1,,,,
775,cgd5_2060-RA-p1,,,,
776,cgd8_5360-RA-p1,,,,
777,cgd5_3360-RA-p1,,,,
778,cgd8_1760-RA-p1,,,,
779,cgd4_200-RA-p1,,,,
780,cgd4_1070-RA-p1,,,,
781,cgd6_5080-RA-p1,,,,
782,cgd6_5450-RA-p1,,,,
783,cgd8_1530-RA-p1,,,,
784,cgd7_1710-RA-p1,,,,
785,cgd8_4390-RA-p1,,,,
786,cgd4_3770-RA-p1,,,,
787,cgd1_420-RA-p1,,,,
788,cgd2_600-RA-p1,,,,
789,cgd7_3120-RA-p1,,,,
790,cgd1_1970-RA-p1,,,,
791,cgd6_1180-RA-p1,,,,
792,cgd1_2490-RA-p1,,,,
793,cgd4_1120-RA-p1,,,,
794,cgd7_4710-RA-p1,,,,
795,cgd3_3770-RA-p1,,,,
796,cgd3_2680-RA-p1,,,,
797,cgd6_5460-RA-p1,,,,
798,cgd5_2310-RA-p1,,,,
799,cgd6_1170-RA-p1,,,,
800,cgd7_5270-RA-p1,,,,
801,cgd5_4430-RA-p1,,,,
802,cgd2_1300-RA-p1,,,,
803,cgd6_4620-RA-p1,,,,
804,cgd2_1570-RA-p1,,,,
805,cgd8_300-RA-p1,,,,
806,cgd5_3740-RA-p1,,,,
807,cgd6_5400-RA-p1,,,,
808,cgd2_300-RA-p1,,,,
809,cgd5_3200-RA-p1,,,,
810,cgd7_3270-RA-p1,,,,
811,cgd6_4110-RA-p1,,,,
812,cgd2_270-RA-p1,,,,
813,cgd8_4520-RA-p1,,,,
814,cgd5_2180-RA-p1,,,,
815,cgd7_2270-RA-p1,,,,
816,cgd5_1780-RA-p1,,,,
817,cgd7_1060-RA-p1,,,,
818,cgd7_4300-RA-p1,,,,
819,cgd7_480-RA-p1,,,,
820,cgd1_290-RA-p1,,,,
821,cgd5_3730-RA-p1,,,,
822,cgd5_4370-RA-p1,,,,
823,cgd2_1770-RA-p1,,,,
824,cgd7_4720-RA-p1,,,,
825,cgd4_1970-RA-p1,,,,
826,cgd7_2430-RA-p1,,,,
827,cgd1_2730-RA-p1,,,,
828,cgd6_4470-RA-p1,,,,
829,cgd4_2010-RA-p1,,,,
830,cgd4_2510-RA-p1,,,,
831,cgd6_190-RA-p1,,,,
832,cgd8_293-RA-p1,,,,
833,cgd7_1270-RA-p1,,,,
834,cgd8_2540-RA-p1,,,,
835,cgd5_2720-RA-p1,,,,
836,cgd5_610-RA-p1,,,,
837,cgd8_2490-RA-p1,,,,
838,cgd2_1690-RA-p1,,,,
839,cgd2_4270-RA-p1,,,,
840,cgd8_60-RA-p1,,,,
841,cgd4_910-RA-p1,,,,
842,cgd4_80-RA-p1,,,,
843,cgd6_5420-RA-p1,,,,
844,cgd6_3630-RA-p1,,,,
845,cgd2_4380-RA-p1,,,,
846,cgd1_310-RA-p1,,,,
847,cgd6_3970-RA-p1,,,,
848,cgd3_2530-RA-p1,,,,
849,cgd7_753-RA-p1,,,,
850,cgd4_3580-RA-p1,,,,
851,cgd5_3920-RA-p1,,,,
852,cgd6_2913-RA-p1,,,,
853,cgd7_2420-RA-p1,,,,
854,cgd4_3020-RA-p1,,,,
855,cgd6_1740-RA-p1,,,,
856,cgd7_230-RA-p1,,,,
857,cgd4_3000-RA-p1,,,,
858,cgd3_1250-RA-p1,,,,
859,cgd1_880-RA-p1,,,,
860,cgd1_2060-RA-p1,,,,
861,cgd6_1340-RA-p1,,,,
862,cgd1_1870-RA-p1,,,,
863,cgd7_1670-RA-p1,,,,
864,cgd5_2190-RA-p1,,,,
865,cgd2_1650-RA-p1,,,,
866,cgd2_330-RA-p1,,,,
867,cgd4_540-RA-p1,,,,
868,cgd1_3570-RA-p1,,,,
869,cgd6_5030-RA-p1,,,,
870,cgd7_3870-RA-p1,,,,
871,cgd5_20-RA-p1,,,,
872,cgd5_3210-RA-p1,,,,
873,cgd1_3480-RA-p1,,,,
874,cgd6_1490-RA-p1,,,,
875,cgd8_3290-RA-p1,,,,
876,cgd6_4630-RA-p1,,,,
877,cgd4_3460-RA-p1,,,,
878,cgd5_1440-RA-p1,,,,
879,cgd6_120-RA-p1,,,,
880,cgd1_3710-RA-p1,,,,
881,cgd7_4760-RA-p1,,,,
882,cgd4_32-RA-p1,,,,
883,cgd7_2610-RA-p1,,,,
884,cgd7_2620-RA-p1,,,,
885,cgd3_1330-RA-p1,,,,
886,cgd7_1420-RA-p1,,,,
887,cgd6_2170-RA-p1,,,,
888,cgd2_2530-RA-p1,,,,
889,cgd7_1170-RA-p1,,,,
890,cgd7_5000-RA-p1,,,,
891,cgd8_110-RA-p1,,,,
892,cgd5_3490-RA-p1,,,,
893,cgd6_3520-RA-p1,,,,
894,cgd6_3510-RA-p1,,,,
895,cgd8_440-RA-p1,,,,
896,cgd7_320-RA-p1,,,,
897,cgd2_640-RA-p1,,,,
898,cgd1_260-RA-p1,,,,
899,cgd7_550-RA-p1,,,,
900,cgd1_3020-RA-p1,,,,
901,cgd4_990-RA-p1,,,,
902,cgd1_580-RA-p1,,,,
903,cgd8_1850-RA-p1,,,,
904,cgd3_1400-RA-p1,,,,
905,cgd3_2470-RA-p1,,,,
906,cgd6_5270-RA-p1,,,,
907,cgd8_4360-RA-p1,,,,
908,cgd8_570-RA-p1,,,,
909,cgd4_4020-RA-p1,,,,
910,cgd2_2960-RA-p1,,,,
911,cgd3_2440-RA-p1,,,,
912,cgd7_860-RA-p1,,,,
913,cgd7_1090-RA-p1,,,,
914,cgd8_3220-RA-p1,,,,
915,cgd2_940-RA-p1,,,,
916,cgd6_2620-RA-p1,,,,
917,cgd6_2600-RA-p1,,,,
918,cgd5_940-RA-p1,,,,
919,cgd4_2270-RA-p1,,,,
920,cgd1_980-RA-p1,,,,
921,cgd2_2700-RA-p1,,,,
922,cgd4_4330-RA-p1,,,,
923,cgd2_1870-RA-p1,,,,
924,cgd6_3450-RA-p1,,,,
925,cgd6_3990-RA-p1,,,,
926,cgd3_480-RA-p1,,,,
927,cgd5_700-RA-p1,,,,
928,cgd2_3990-RA-p1,,,,
929,cgd1_1280-RA-p1,,,,
930,cgd1_1890-RA-p1,,,,
931,cgd4_700-RA-p1,,,,
932,cgd6_3960-RA-p1,,,,
933,cgd8_3970-RA-p1,,,,
934,cgd6_4030-RA-p1,,,,
935,cgd7_2190-RA-p1,,,,
936,cgd8_3090-RA-p1,,,,
937,cgd3_3480-RA-p1,,,,
938,cgd2_230-RA-p1,,,,
939,cgd8_2520-RA-p1,,,,
940,cgd1_760-RA-p1,,,,
941,cgd5_2963-RA-p1,,,,
942,cgd4_2610-RA-p1,,,,
943,cgd8_4910-RA-p1,,,,
944,cgd3_410-RA-p1,,,,
945,cgd6_2390-RA-p1,,,,
946,cgd7_3530-RA-p1,,,,
947,cgd1_2460-RA-p1,,,,
948,cgd7_3000-RA-p1,,,,
949,cgd7_1820-RA-p1,,,,
950,cgd3_280-RA-p1,,,,
951,cgd1_1720-RA-p1,,,,
952,cgd6_3440-RA-p1,,,,
953,cgd2_2360-RA-p1,,,,
954,cgd6_3390-RA-p1,,,,
955,cgd8_4800-RA-p1,,,,
956,cgd2_340-RA-p1,,,,
957,cgd1_1990-RA-p1,,,,
958,cgd7_1760-RA-p1,,,,
959,cgd5_1040-RA-p1,,,,
960,cgd8_5350-RA-p1,,,,
961,cgd4_2373-RA-p1,,,,
962,cgd1_3400-RA-p1,,,,
963,cgd6_3760-RA-p1,,,,
964,cgd7_4830-RA-p1,,,,
965,cgd7_2060-RA-p1,,,,
966,cgd2_3250-RA-p1,,,,
967,cgd4_3330-RA-p1,,,,
968,cgd7_4530-RA-p1,,,,
969,cgd2_4090-RA-p1,,,,
970,cgd8_5420-RA-p1,,,,
971,cgd2_3170-RA-p1,,,,
972,cgd2_250-RA-p1,,,,
973,cgd3_250-RA-p1,,,,
974,cgd5_2860-RA-p1,,,,
975,cgd6_3690-RA-p1,,,,
976,cgd3_430-RA-p1,,,,
977,cgd6_5250-RA-p1,,,,
978,cgd7_1510-RA-p1,,,,
979,cgd5_4520-RA-p1,,,,
980,cgd7_110-RA-p1,,,,
981,cgd6_2070-RA-p1,,,,
982,cgd2_2840-RA-p1,,,,
983,cgd3_3880-RA-p1,,,,
984,cgd5_2360-RA-p1,,,,
985,cgd6_4410-RA-p1,,,,
986,cgd6_830-RA-p1,,,,
987,cgd7_30-RA-p1,,,,
988,cgd7_2790-RA-p1,,,,
989,cgd8_2560-RA-p1,,,,
990,cgd8_780-RA-p1,,,,
991,cgd4_290-RA-p1,,,,
992,Cgd8_1200-RA-p1,,,,
993,cgd5_930-RA-p1,,,,
994,cgd8_2620-RA-p1,,,,
995,cgd1_1830-RA-p1,,,,
996,cgd5_2220-RA-p1,,,,
997,cgd2_2770-RA-p1,,,,
998,cgd4_3570-RA-p1,,,,
999,cgd5_60-RA-p1,,,,
1000,cgd7_2910-RA-p1,,,,
1001,cgd6_4540-RA-p1,,,,
1002,cgd3_1630-RA-p1,,,,
1003,cgd7_4180-RA-p1,,,,
1004,cgd8_3570-RA-p1,,,,
1005,cgd1_2770-RA-p1,,,,
1006,cgd7_3650-RA-p1,,,,
1007,cgd7_2710-RA-p1,,,,
1008,cgd3_2890-RA-p1,,,,
1009,cgd5_4490-RA-p1,,,,
1010,cgd3_2880-RA-p1,,,,
1011,cgd5_310-RA-p1,,,,
1012,cgd8_3720-RA-p1,,,,
1013,cgd3_2260-RA-p1,,,,
1014,cgd2_2640-RA-p1,,,,
1015,cgd4_2890-RA-p1,,,,
1016,cgd7_5440-RA-p1,,,,
1017,cgd8_2550-RA-p1,,,,
1018,cgd7_1610-RA-p1,,,,
1019,cgd4_4253-RA-p1,,,,
1020,cgd8_3660-RA-p1,,,,
1021,cgd1_430-RA-p1,,,,
1022,cgd5_170-RA-p1,,,,
1023,cgd7_1010-RA-p1,,,,
1024,cgd5_4480-RA-p1,,,,
1025,cgd5_4350-RA-p1,,,,
1026,cgd1_2700-RA-p1,,,,
1027,cgd4_3130-RA-p1,,,,
1028,cgd4_4480-RA-p1,,,,
1029,cgd6_4660-RA-p1,,,,
1030,cgd3_1173-RA-p1,,,,
1031,cgd6_4250-RA-p1,,,,
1032,cgd3_3600-RA-p1,,,,
1033,cgd8_5340-RA-p1,,,,
1034,cgd1_2830-RA-p1,,,,
1035,cgd6_3540-RA-p1,,,,
1036,cgd6_3400-RA-p1,,,,
1037,cgd3_1160-RA-p1,,,,
1038,cgd5_3680-RA-p1,,,,
1039,cgd2_3290-RA-p1,,,,
1040,cgd8_210-RA-p1,,,,
1041,cgd7_1873-RA-p1,,,,
1042,cgd4_1300-RA-p1,,,,
1043,cgd7_3340-RA-p1,,,,
1044,cgd4_140-RA-p1,,,,
1045,Cgd5_40-RA-p1,,,,
1046,cgd4_2540-RA-p1,,,,
1047,cgd6_2650-RA-p1,,,,
1048,cgd6_273-RA-p1,,,,
1049,Cgd2_1810-RA-p1,,,,
1050,cgd3_590-RA-p1,,,,
1051,cgd6_950-RA-p1,,,,
1052,cgd2_3913-RA-p1,,,,
1053,cgd7_4280-RA-p1,,,,
1054,cgd2_4103-RA-p1,,,,
1055,cgd7_130-RA-p1,,,,
1056,cgd2_3730-RA-p1,,,,
1057,cgd4_3220-RA-p1,,,,
1058,cgd2_870-RA-p1,,,,
1059,cgd7_1960-RA-p1,,,,
1060,cgd6_4350-RA-p1,,,,
1061,cgd7_1400-RA-p1,,,,
1062,cgd5_840-RA-p1,,,,
1063,cgd4_1830-RA-p1,,,,
1064,cgd8_2420-RA-p1,,,,
1065,cgd1_870-RA-p1,,,,
1066,cgd5_3160-RA-p1,,,,
1067,cgd7_490-RA-p1,,,,
1068,cgd2_1850-RA-p1,,,,
1069,cgd3_2690-RA-p1,,,,
1070,cgd6_5440-RA-p1,,,,
1071,cgd8_5050-RA-p1,,,,
1072,cgd1_1660-RA-p1,,,,
1073,cgd2_2533-RA-p1,,,,
1074,cgd6_560-RA-p1,,,,
1075,cgd3_3100-RA-p1,,,,
1076,cgd4_4170-RA-p1,,,,
1077,cgd2_1800-RA-p1,,,,
1078,cgd6_3050-RA-p1,,,,
1079,cgd4_1030-RA-p1,,,,
1080,cgd1_2760-RA-p1,,,,
1081,cgd7_2260-RA-p1,,,,
1082,cgd4_4503-RA-p1,,,,
1083,cgd2_3910-RA-p1,,,,
1084,cgd6_10-RA-p1,,,,
1085,cgd8_1810-RA-p1,,,,
1086,cgd3_3440-RA-p1,,,,
1087,cgd4_2560-RA-p1,,,,
1088,cgd2_3550-RA-p1,,,,
1089,cgd3_1580-RA-p1,,,,
1090,cgd7_2540-RA-p1,,,,
1091,cgd8_3510-RA-p1,,,,
1092,cgd6_1910-RA-p1,,,,
1093,cgd7_2110-RA-p1,,,,
1094,cgd2_390-RA-p1,,,,
1095,cgd8_2930-RA-p1,,,,
1096,cgd6_2310-RA-p1,,,,
1097,cgd2_3240-RA-p1,,,,
1098,cgd1_3040-RA-p1,,,,
1099,cgd8_1620-RA-p1,,,,
1100,cgd8_5300-RA-p1,,,,
1101,cgd6_720-RA-p1,,,,
1102,cgd7_4060-RA-p1,,,,
1103,cgd6_2430-RA-p1,,,,
1104,cgd1_130-RA-p1,,,,
1105,cgd8_350-RA-p1,,,,
1106,cgd7_4450-RA-p1,,,,
1107,cgd7_3670-RA-p1,,,,
1108,cgd7_1310-RA-p1,,,,
1109,cgd8_500-RA-p1,,,,
1110,cgd1_3140-RA-p1,,,,
1111,cgd6_3380-RA-p1,,,,
1112,cgd5_4110-RA-p1,,,,
1113,cgd4_4140-RA-p1,,,,
1114,cgd3_600-RA-p1,,,,
1115,cgd7_4330-RA-p1,,,,
1116,cgd4_40-RA-p1,,,,
1117,cgd2_1440-RA-p1,,,,
1118,cgd1_820-RA-p1,,,,
1119,cgd2_1940-RA-p1,,,,
1120,cgd3_1770-RA-p1,,,,
1121,cgd4_3450-RA-p1,,,,
1122,cgd6_2080-RA-p1,,,,
1123,cgd7_1840-RA-p1,,,,
1124,cgd3_3840-RA-p1,,,,
1125,cgd3_1900-RA-p1,,,,
1126,cgd1_2870-RA-p1,,,,
1127,cgd7_3940-RA-p1,,,,
1128,cgd7_4490-RA-p1,,,,
1129,cgd5_4170-RA-p1,,,,
1130,cgd7_2280-RA-p1,,,,
1131,cgd6_2180-RA-p1,,,,
1132,cgd3_1290-RA-p1,,,,
1133,cgd1_590-RA-p1,,,,
1134,cgd7_3030-RA-p1,,,,
1135,cgd7_1583-RA-p1,,,,
1136,cgd8_1180-RA-p1,,,,
1137,cgd6_4290-RA-p1,,,,
1138,cgd1_3810-RA-p1,,,,
1139,cgd5_180-RA-p1,,,,
1140,cgd3_880-RA-p1,,,,
1141,cgd5_3720-RA-p1,,,,
1142,cgd3_2090-RA-p1,,,,
1143,cgd2_4120-RA-p1,,,,
1144,cgd5_3960-RA-p1,,,,
1145,cgd5_3450-RA-p1,,,,
1146,cgd8_2820-RA-p1,,,,
1147,cgd3_330-RA-p1,,,,
1148,cgd4_3440-RA-p1,,,,
1149,cgd2_3110-RA-p1,,,,
1150,cgd6_3590-RA-p1,,,,
1151,cgd2_1170-RA-p1,,,,
1152,cgd6_4320-RA-p1,,,,
1153,cgd3_4180-RA-p1,,,,
1154,cgd3_3040-RA-p1,,,,
1155,cgd3_3370-RA-p1,,,,
1156,cgd6_4740-RA-p1,,,,
1157,cgd8_3000-RA-p1,,,,
1158,cgd6_180-RA-p1,,,,
1159,cgd8_4020-RA-p1,,,,
1160,cgd3_3510-RA-p1,,,,
1161,cgd3_4010-RA-p1,,,,
1162,cgd8_860-RA-p1,,,,
1163,cgd6_1380-RA-p1,,,,
1164,cgd7_2500-RA-p1,,,,
1165,cgd2_3090-RA-p1,,,,
1166,cgd5_2230-RA-p1,,,,
1167,cgd4_530-RA-p1,,,,
1168,cgd8_2120-RA-p1,,,,
1169,cgd7_3180-RA-p1,,,,
1170,cgd6_3010-RA-p1,,,,
1171,cgd7_220-RA-p1,,,,
1172,Cgd2_2990-RA-p1,,,,
1173,cgd8_4150-RA-p1,,,,
1174,cgd8_5160-RA-p1,,,,
1175,Cgd5_540-RA-p1,,,,
1176,cgd4_1230-RA-p1,,,,
1177,cgd5_3040-RA-p1,,,,
1178,cgd4_2553-RA-p1,,,,
1179,cgd3_3890-RA-p1,,,,
1180,cgd2_1090-RA-p1,,,,
1181,cgd6_2970-RA-p1,,,,
1182,cgd3_1650-RA-p1,,,,
1183,cgd2_1640-RA-p1,,,,
1184,cgd4_300-RA-p1,,,,
1185,cgd4_3650-RA-p1,,,,
1186,cgd6_2280-RA-p1,,,,
1187,cgd4_2360-RA-p1,,,,
1188,cgd6_2580-RA-p1,,,,
1189,cgd3_3160-RA-p1,,,,
1190,cgd4_2710-RA-p1,,,,
1191,cgd7_4260-RA-p1,,,,
1192,cgd6_840-RA-p1,,,,
1193,cgd8_840-RA-p1,,,,
1194,cgd1_3000-RA-p1,,,,
1195,cgd3_300-RA-p1,,,,
1196,cgd2_2090-RA-p1,,,,
1197,cgd3_3830-RA-p1,,,,
1198,cgd8_2330-RA-p1,,,,
1199,cgd6_2040-RA-p1,,,,
1200,cgd3_4020-RA-p1,,,,
1201,cgd1_630-RA-p1,,,,
1202,cgd2_2310-RA-p1,,,,
1203,cgd6_1630-RA-p1,,,,
1204,cgd4_3530-RA-p1,,,,
1205,cgd2_2160-RA-p1,,,,
1206,cgd3_530-RA-p1,,,,
1207,cgd1_3200-RA-p1,,,,
1208,cgd5_2710-RA-p1,,,,
1209,cgd3_920-RA-p1,,,,
1210,cgd2_210-RA-p1,,,,
1211,cgd7_4680-RA-p1,,,,
1212,cgd7_1340-RA-p1,,,,
1213,cgd1_1600-RA-p1,,,,
1214,cgd4_3270-RA-p1,,,,
1215,cgd5_1640-RA-p1,,,,
1216,cgd3_40-RA-p1,,,,
1217,cgd5_2020-RA-p1,,,,
1218,cgd1_780-RA-p1,,,,
1219,cgd3_1570-RA-p1,,,,
1220,cgd7_120-RA-p1,,,,
1221,cgd4_2300-RA-p1,,,,
1222,cgd7_1900-RA-p1,,,,
1223,cgd6_1083-RA-p1,,,,
1224,cgd1_950-RA-p1,,,,
1225,cgd6_870-RA-p1,,,,
1226,cgd6_3130-RA-p1,,,,
1227,cgd3_1180-RA-p1,,,,
1228,cgd3_840-RA-p1,,,,
1229,cgd4_2130-RA-p1,,,,
1230,cgd7_940-RA-p1,,,,
1231,cgd1_230-RA-p1,,,,
1232,cgd7_1793-RA-p1,,,,
1233,cgd3_3580-RA-p1,,,,
1234,cgd7_1890-RA-p1,,,,
1235,cgd5_2300-RA-p1,,,,
1236,cgd7_1430-RA-p1,,,,
1237,cgd4_4400-RA-p1,,,,
1238,cgd6_3220-RA-p1,,,,
1239,cgd7_2330-RA-p1,,,,
1240,cgd8_3440-RA-p1,,,,
1241,cgd6_4390-RA-p1,,,,
1242,cgd6_760-RA-p1,,,,
1243,cgd1_2040-RA-p1,,,,
1244,cgd8_3520-RA-p1,,,,
1245,cgd3_1450-RA-p1,,,,
1246,cgd8_3770-RA-p1,,,,
1247,cgd8_4400-RA-p1,,,,
1248,cgd1_920-RA-p1,,,,
1249,cgd8_1800-RA-p1,,,,
1250,cgd1_850-RA-p1,,,,
1251,cgd6_1270-RA-p1,,,,
1252,cgd3_4190-RA-p1,,,,
1253,cgd8_400-RA-p1,,,,
1254,cgd3_2020-RA-p1,,,,
1255,cgd7_3790-RA-p1,,,,
1256,cgd4_740-RA-p1,,,,
1257,cgd7_5330-RA-p1,,,,
1258,cgd5_2670-RA-p1,,,,
1259,cgd4_3280-RA-p1,,,,
1260,cgd5_2210-RA-p1,,,,
1261,cgd5_3130-RA-p1,,,,
1262,cgd8_5260-RA-p1,,,,
1263,cgd5_1820-RA-p1,,,,
1264,cgd4_4090-RA-p1,,,,
1265,cgd8_3370-RA-p1,,,,
1266,cgd5_3340-RA-p1,,,,
1267,cgd2_1200-RA-p1,,,,
1268,cgd1_3530-RA-p1,,,,
1269,cgd6_1980-RA-p1,,,,
1270,cgd6_3920-RA-p1,,,,
1271,cgd6_1650-RA-p1,,,,
1272,cgd6_4530-RA-p1,,,,
1273,cgd8_2940-RA-p1,,,,
1274,cgd8_2870-RA-p1,,,,
1275,cgd2_740-RA-p1,,,,
1276,cgd7_3880-RA-p1,,,,
1277,cgd7_4340-RA-p1,,,,
1278,cgd3_760-RA-p1,,,,
1279,cgd3_3410-RA-p1,,,,
1280,cgd8_3900-RA-p1,,,,
1281,cgd3_200-RA-p1,,,,
1282,cgd1_1140-RA-p1,,,,
1283,cgd1_1110-RA-p1,,,,
1284,cgd2_2900-RA-p1,,,,
1285,cgd7_360-RA-p1,,,,
1286,cgd6_980-RA-p1,,,,
1287,cgd5_3650-RA-p1,,,,
1288,cgd3_3610-RA-p1,,,,
1289,cgd4_940-RA-p1,,,,
1290,cgd2_1780-RA-p1,,,,
1291,cgd2_2340-RA-p1,,,,
1292,cgd2_2210-RA-p1,,,,
1293,cgd6_3790-RA-p1,,,,
1294,cgd7_3070-RA-p1,,,,
1295,cgd1_3780-RA-p1,,,,
1296,cgd6_1510-RA-p1,,,,
1297,cgd1_2500-RA-p1,,,,
1298,cgd8_1750-RA-p1,,,,
1299,cgd5_2250-RA-p1,,,,
1300,cgd2_20-RA-p1,,,,
1301,cgd2_1910-RA-p1,,,,
1302,cgd6_3830-RA-p1,,,,
1303,cgd4_2260-RA-p1,,,,
1304,cgd7_2250-RA-p1,,,,
1305,cgd7_4120-RA-p1,,,,
1306,cgd7_2300-RA-p1,,,,
1307,cgd5_4570-RA-p1,,,,
1308,cgd2_50-RA-p1,,,,
1309,cgd7_2850-RA-p1,,,,
1310,cgd1_620-RA-p1,,,,
1311,cgd1_2450-RA-p1,,,,
1312,cgd8_1820-RA-p1,,,,
1313,cgd8_4790-RA-p1,,,,
1314,cgd8_40-RA-p1,,,,
1315,cgd7_3860-RA-p1,,,,
1316,cgd5_4440-RA-p1,,,,
1317,cgd3_4030-RA-p1,,,,
1318,cgd5_3890-RA-p1,,,,
1319,cgd6_1070-RA-p1,,,,
1320,cgd6_1590-RA-p1,,,,
1321,cgd7_5210-RA-p1,,,,
1322,cgd6_340-RA-p1,,,,
1323,cgd4_1590-RA-p1,,,,
1324,cgd2_4180-RA-p1,,,,
1325,cgd8_2790-RA-p1,,,,
1326,cgd5_2800-RA-p1,,,,
1327,cgd7_1810-RA-p1,,,,
1328,cgd6_1080-RA-p1,,,,
1329,cgd2_3070-RA-p1,,,,
1330,cgd8_1930-RA-p1,,,,
1331,cgd6_1430-RA-p1,,,,
1332,cgd8_1150-RA-p1,,,,
1333,cgd3_3170-RA-p1,,,,
1334,cgd3_2620-RA-p1,,,,
1335,cgd8_4140-RA-p1,,,,
1336,cgd4_1790-RA-p1,,,,
1337,cgd2_760-RA-p1,,,,
1338,cgd4_1103-RA-p1,,,,
1339,cgd6_3940-RA-p1,,,,
1340,cgd5_1500-RA-p1,,,,
1341,cgd4_690-RA-p1,,,,
1342,cgd7_880-RA-p1,,,,
1343,cgd4_2980-RA-p1,,,,
1344,cgd6_5430-RA-p1,,,,
1345,cgd5_2570-RA-p1,,,,
1346,cgd2_2560-RA-p1,,,,
1347,cgd5_630-RA-p1,,,,
1348,cgd5_2780-RA-p1,,,,
1349,cgd3_1350-RA-p1,,,,
1350,cgd7_3720-RA-p1,,,,
1351,cgd2_3410-RA-p1,,,,
1352,cgd5_1650-RA-p1,,,,
1353,cgd1_1310-RA-p1,,,,
1354,cgd3_570-RA-p1,,,,
1355,cgd2_3580-RA-p1,,,,
1356,cgd6_5410-RA-p1,,,,
1357,cgd3_860-RA-p1,,,,
1358,cgd7_3740-RA-p1,,,,
1359,cgd7_4540-RA-p1,,,,
1360,cgd4_2400-RA-p1,,,,
1361,cgd1_530-RA-p1,,,,
1362,cgd4_90-RA-p1,,,,
1363,cgd5_1600-RA-p1,,,,
1364,cgd5_440-RA-p1,,,,
1365,cgd6_140-RA-p1,,,,
1366,cgd5_1030-RA-p1,,,,
1367,cgd7_2150-RA-p1,,,,
1368,cgd2_2790-RA-p1,,,,
1369,cgd6_2330-RA-p1,,,,
1370,cgd8_2170-RA-p1,,,,
1371,cgd5_2760-RA-p1,,,,
1372,cgd5_2490-RA-p1,,,,
1373,cgd1_1290-RA-p1,,,,
1374,cgd3_460-RA-p1,,,,
1375,cgd7_2670-RA-p1,,,,
1376,cgd7_1910-RA-p1,,,,
1377,cgd3_2390-RA-p1,,,,
1378,cgd3_3660-RA-p1,,,,
1379,cgd7_4480-RA-p1,,,,
1380,cgd8_2340-RA-p1,,,,
1381,cgd2_3270-RA-p1,,,,
1382,cgd2_680-RA-p1,,,,
1383,cgd2_3000-RA-p1,,,,
1384,cgd4_1650-RA-p1,,,,
1385,cgd4_3970-RA-p1,,,,
1386,cgd7_5060-RA-p1,,,,
1387,cgd3_3950-RA-p1,,,,
1388,cgd6_1950-RA-p1,,,,
1389,cgd5_2900-RA-p1,,,,
1390,cgd6_470-RA-p1,,,,
1391,cgd1_1900-RA-p1,,,,
1392,cgd7_4050-RA-p1,,,,
1393,cgd2_3920-RA-p1,,,,
1394,cgd3_180-RA-p1,,,,
1395,cgd8_360-RA-p1,,,,
1396,cgd8_4570-RA-p1,,,,
1397,cgd8_540-RA-p1,,,,
1398,cgd8_3263-RA-p1,,,,
1399,cgd7_4470-RA-p1,,,,
1400,cgd7_4230-RA-p1,,,,
1401,cgd8_20-RA-p1,,,,
1402,cgd8_2050-RA-p1,,,,
1403,cgd8_2000-RA-p1,,,,
1404,cgd8_880-RA-p1,,,,
1405,cgd8_1100-RA-p1,,,,
1406,cgd8_460-RA-p1,,,,
1407,cgd8_710-RA-p1,,,,
1408,cgd8_4680-RA-p1,,,,
1409,cgd8_4770-RA-p1,,,,
1410,cgd8_5310-RA-p1,,,,
1411,cgd8_2710-RA-p1,,,,
1412,cgd8_4840-RA-p1,,,,
1413,cgd8_1460-RA-p1,,,,
1414,cgd8_1430-RA-p1,,,,
1415,cgd8_190-RA-p1,,,,
1416,cgd8_2300-RA-p1,,,,
1417,cgd8_2920-RA-p1,,,,
1418,cgd8_3080-RA-p1,,,,
1419,cgd8_30-RA-p1,,,,
1420,cgd8_3140-RA-p1,,,,
1421,cgd8_3230-RA-p1,,,,
1422,cgd8_3300-RA-p1,,,,
1423,cgd8_3340-RA-p1,,,,
1424,cgd8_180-RA-p1,,,,
1425,cgd8_2780-RA-p1,,,,
1426,cgd5_2990-RA-p1,,,,
1427,cgd7_970-RA-p1,,,,
1428,cgd4_1920-RA-p1,,,,
1429,cgd4_1850-RA-p1,,,,
1430,cgd4_1840-RA-p1,,,,
1431,cgd4_1200-RA-p1,,,,
1432,cgd3_710-RA-p1,,,,
1433,cgd3_693-RA-p1,,,,
1434,cgd3_470-RA-p1,,,,
1435,cgd3_420-RA-p1,,,,
1436,cgd4_2040-RA-p1,,,,
1437,cgd3_4160-RA-p1,,,,
1438,cgd3_4090-RA-p1,,,,
1439,cgd3_3820-RA-p1,,,,
1440,cgd3_3670-RA-p1,,,,
1441,cgd3_3330-RA-p1,,,,
1442,cgd3_3080-RA-p1,,,,
1443,cgd3_2650-RA-p1,,,,
1444,cgd3_2270-RA-p1,,,,
1445,cgd3_2180-RA-p1,,,,
1446,cgd3_4150-RA-p1,,,,
1447,cgd4_2340-RA-p1,,,,
1448,cgd4_2840-RA-p1,,,,
1449,cgd4_3100-RA-p1,,,,
1450,cgd5_1250-RA-p1,,,,
1451,cgd5_1120-RA-p1,,,,
1452,cgd5_110-RA-p1,,,,
1453,cgd5_1080-RA-p1,,,,
1454,cgd5_1050-RA-p1,,,,
1455,cgd5_100-RA-p1,,,,
1456,cgd4_900-RA-p1,,,,
1457,cgd4_880-RA-p1,,,,
1458,cgd4_820-RA-p1,,,,
1459,cgd4_650-RA-p1,,,,
1460,cgd4_580-RA-p1,,,,
1461,cgd4_510-RA-p1,,,,
1462,cgd4_4500-RA-p1,,,,
1463,cgd4_4110-RA-p1,,,,
1464,cgd4_4040-RA-p1,,,,
1465,cgd4_3990-RA-p1,,,,
1466,cgd8_100-RA-p1,,,,
1467,cgd4_3410-RA-p1,,,,
1468,cgd4_3150-RA-p1,,,,
1469,cgd3_2060-RA-p1,,,,
1470,cgd3_2040-RA-p1,,,,
1471,cgd3_1840-RA-p1,,,,
1472,cgd3_1390-RA-p1,,,,
1473,cgd2_1510-RA-p1,,,,
1474,cgd2_1420-RA-p1,,,,
1475,cgd2_1340-RA-p1,,,,
1476,cgd2_1260-RA-p1,,,,
1477,cgd1_90-RA-p1,,,,
1478,cgd1_890-RA-p1,,,,
1479,cgd1_3670-RA-p1,,,,
1480,cgd1_3610-RA-p1,,,,
1481,cgd1_340-RA-p1,,,,
1482,cgd1_3220-RA-p1,,,,
1483,cgd1_2680-RA-p1,,,,
1484,cgd1_2600-RA-p1,,,,
1485,cgd1_2420-RA-p1,,,,
1486,cgd1_2180-RA-p1,,,,
1487,cgd1_1640-RA-p1,,,,
1488,cgd1_1570-RA-p1,,,,
1489,cgd1_1340-RA-p1,,,,
1490,cgd1_120-RA-p1,,,,
1491,cgd1_110-RA-p1,,,,
1492,cgd2_1720-RA-p1,,,,
1493,cgd5_130-RA-p1,,,,
1494,cgd2_2170-RA-p1,,,,
1495,cgd2_2710-RA-p1,,,,
1496,cgd3_1380-RA-p1,,,,
1497,cgd3_1310-RA-p1,,,,
1498,cgd3_1230-RA-p1,,,,
1499,cgd3_1030-RA-p1,,,,
1500,cgd3_100-RA-p1,,,,
1501,cgd2_750-RA-p1,,,,
1502,cgd2_580-RA-p1,,,,
1503,cgd2_540-RA-p1,,,,
1504,cgd2_410-RA-p1,,,,
1505,cgd2_4060-RA-p1,,,,
1506,cgd2_3830-RA-p1,,,,
1507,cgd2_3800-RA-p1,,,,
1508,cgd2_3750-RA-p1,,,,
1509,cgd2_3740-RA-p1,,,,
1510,cgd2_3700-RA-p1,,,,
1511,cgd2_3640-RA-p1,,,,
1512,cgd2_3450-RA-p1,,,,
1513,cgd2_3380-RA-p1,,,,
1514,cgd2_3100-RA-p1,,,,
1515,cgd2_2400-RA-p1,,,,
1516,cgd5_1410-RA-p1,,,,
1517,cgd4_3610-RA-p1,,,,
1518,cgd6_580-RA-p1,,,,
1519,cgd7_1220-RA-p1,,,,
1520,cgd7_1160-RA-p1,,,,
1521,cgd7_1130-RA-p1,,,,
1522,cgd7_10-RA-p1,,,,
1523,cgd6_640-RA-p1,,,,
1524,cgd6_5130-RA-p1,,,,
1525,cgd7_1360-RA-p1,,,,
1526,cgd6_4880-RA-p1,,,,
1527,cgd6_4330-RA-p1,,,,
1528,cgd6_3860-RA-p1,,,,
1529,cgd6_3610-RA-p1,,,,
1530,cgd6_3290-RA-p1,,,,
1531,cgd6_3170-RA-p1,,,,
1532,cgd6_2560-RA-p1,,,,
1533,cgd6_4490-RA-p1,,,,
1534,cgd7_1410-RA-p1,,,,
1535,cgd7_1780-RA-p1,,,,
1536,Cgd7_2213-RA-p1,,,,
1537,cgd7_700-RA-p1,,,,
1538,cgd7_5120-RA-p1,,,,
1539,cgd7_4920-RA-p1,,,,
1540,cgd7_4620-RA-p1,,,,
1541,cgd7_4510-RA-p1,,,,
1542,cgd7_4390-RA-p1,,,,
1543,cgd7_3910-RA-p1,,,,
1544,cgd7_3750-RA-p1,,,,
1545,cgd7_3690-RA-p1,,,,
1546,cgd7_3310-RA-p1,,,,
1547,cgd7_3100-RA-p1,,,,
1548,cgd7_2720-RA-p1,,,,
1549,cgd7_2570-RA-p1,,,,
1550,cgd7_2550-RA-p1,,,,
1551,cgd7_2380-RA-p1,,,,
1552,cgd6_2260-RA-p1,,,,
1553,cgd6_2150-RA-p1,,,,
1554,cgd8_970-RA-p1,,,,
1555,cgd6_1960-RA-p1,,,,
1556,cgd5_3010-RA-p1,,,,
1557,cgd5_3300-RA-p1,,,,
1558,cgd6_2000-RA-p1,,,,
1559,cgd5_3370-RA-p1,,,,
1560,cgd8_890-RA-p1,,,,
1561,cgd5_3430-RA-p1,,,,
1562,cgd5_4080-RA-p1,,,,
1563,cgd5_510-RA-p1,,,,
1564,cgd5_2240-RA-p1,,,,
1565,cgd5_640-RA-p1,,,,
1566,cgd5_220-RA-p1,,,,
1567,cgd5_890-RA-p1,,,,
1568,cgd6_100-RA-p1,,,,
1569,cgd5_210-RA-p1,,,,
1570,cgd2_4370-RA-p1,,,,
1571,cgd5_3170-RA-p1,,,,
1572,cgd6_2503-RA-p1,,,,
1573,cgd8_3760-RA-p1,,,,
1574,cgd3_380-RA-p1,,,,
1575,cgd4_770-RA-p1,,,,
1576,cgd2_30-RA-p1,,,,
1577,cgd1_1380-RA-p1,,,,
1578,cgd2_2970-RA-p1,,,,
1579,cgd7_690-RA-p1,,,,
1580,cgd3_1300-RA-p1,,,,
1581,cgd5_900-RA-p1,,,,
1582,cgd7_1600-RA-p1,,,,
1583,cgd1_2020-RA-p1,,,,
1584,cgd2_2120-RA-p1,,,,
1585,cgd7_5010-RA-p1,,,,
1586,cgd4_3620-RA-p1,,,,
1587,cgd6_3850-RA-p1,,,,
1588,cgd4_2520-RA-p1,,,,
1589,cgd1_2910-RA-p1,,,,
1590,cgd8_2890-RA-p1,,,,
1591,cgd1_3540-RA-p1,,,,
1592,cgd1_2710-RA-p1,,,,
1593,cgd3_3120-RA-p1,,,,
1594,cgd6_263-RA-p1,,,,
1595,cgd7_2410-RA-p1,,,,
1596,cgd2_3460-RA-p1,,,,
1597,cgd8_4940-RA-p1,,,,
1598,cgd3_1430-RA-p1,,,,
1599,cgd1_390-RA-p1,,,,
1600,cgd7_2340-RA-p1,,,,
1601,cgd4_1150-RA-p1,,,,
1602,cgd6_410-RA-p1,,,,
1603,cgd7_4670-RA-p1,,,,
1604,cgd4_1350-RA-p1,,,,
1605,cgd5_1240-RA-p1,,,,
1606,cgd6_5380-RA-p1,,,,
1607,cgd5_730-RA-p1,,,,
1608,cgd7_2730-RA-p1,,,,
1609,cgd8_2100-RA-p1,,,,
1610,cgd2_440-RA-p1,,,,
1611,cgd7_1713-RA-p1,,,,
1612,cgd5_230-RA-p1,,,,
1613,cgd6_4650-RA-p1,,,,
1614,cgd4_320-RA-p1,,,,
1615,cgd1_930-RA-p1,,,,
1616,cgd5_1020-RA-p1,,,,
1617,cgd4_590-RA-p1,,,,
1618,cgd7_2600-RA-p1,,,,
1619,cgd4_2580-RA-p1,,,,
1620,cgd5_1970-RA-p1,,,,
1621,cgd3_1700-RA-p1,,,,
1622,cgd7_1860-RA-p1,,,,
1623,cgd4_3070-RA-p1,,,,
1624,cgd2_200-RA-p1,,,,
1625,cgd1_3850-RA-p1,,,,
1626,cgd7_4730-RA-p1,,,,
1627,cgd1_1500-RA-p1,,,,
1628,cgd6_2720-RA-p1,,,,
1629,cgd7_1700-RA-p1,,,,
1630,cgd2_130-RA-p1,,,,
1631,cgd3_1940-RA-p1,,,,
1632,cgd8_1860-RA-p1,,,,
1633,cgd5_10-RA-p1,,,,
1634,cgd5_1470-RA-p1,,,,
1635,cgd8_750-RA-p1,,,,
1636,cgd8_2260-RA-p1,,,,
1637,cgd2_3040-RA-p1,,,,
1638,cgd1_570-RA-p1,,,,
1639,cgd2_2870-RA-p1,,,,
1640,cgd7_2820-RA-p1,,,,
1641,cgd6_2690-RA-p1,,,,
1642,cgd5_1490-RA-p1,,,,
1643,cgd6_1870-RA-p1,,,,
1644,cgd3_1730-RA-p1,,,,
1645,cgd3_3750-RA-p1,,,,
1646,cgd4_4000-RA-p1,,,,
1647,cgd7_4990-RA-p1,,,,
1648,cgd2_430-RA-p1,,,,
1649,cgd8_2110-RA-p1,,,,
1650,cgd2_420-RA-p1,,,,
1651,cgd1_140-RA-p1,,,,
1652,cgd3_820-RA-p1,,,,
1653,cgd2_820-RA-p1,,,,
1654,cgd7_3820-RA-p1,,,,
1655,cgd5_1760-RA-p1,,,,
1656,cgd4_2690-RA-p1,,,,
1657,cgd5_3560-RA-p1,,,,
1658,cgd2_2660-RA-p1,,,,
1659,cgd7_2530-RA-p1,,,,
